{
  "lang":"fr",
  "name":"pipeline",
  "version":"0.0.0",
  "spacy_version":">=3.8.5,<3.9.0",
  "description":"",
  "author":"",
  "email":"",
  "url":"",
  "license":"",
  "spacy_git_version":"d0c705c",
  "vectors":{
    "width":0,
    "vectors":0,
    "keys":0,
    "name":null,
    "mode":"default"
  },
  "labels":{
    "tok2vec":[

    ],
    "ner":[
      "ANAT",
      "CHEM",
      "DEVI",
      "DISO",
      "GEOG",
      "LIVB",
      "OBJC",
      "PHEN",
      "PHYS",
      "PROC",
      "disease",
      "onco"
    ]
  },
  "pipeline":[
    "tok2vec",
    "ner"
  ],
  "components":[
    "tok2vec",
    "ner"
  ],
  "disabled":[

  ],
  "performance":{
    "ents_f":0.5346384111,
    "ents_p":0.718702095,
    "ents_r":0.4256317143,
    "ents_per_type":{
      "DISO":{
        "p":0.4230769231,
        "r":0.1300236407,
        "f":0.198915009
      },
      "onco":{
        "p":0.7470621153,
        "r":0.776388485,
        "f":0.7614430344
      },
      "disease":{
        "p":0.414507772,
        "r":0.036036036,
        "f":0.066307501
      },
      "PROC":{
        "p":0.5,
        "r":0.0082644628,
        "f":0.0162601626
      },
      "GEOG":{
        "p":0.0,
        "r":0.0,
        "f":0.0
      },
      "LIVB":{
        "p":0.4285714286,
        "r":0.08,
        "f":0.1348314607
      },
      "ANAT":{
        "p":0.0,
        "r":0.0,
        "f":0.0
      },
      "CHEM":{
        "p":1.0,
        "r":0.0051813472,
        "f":0.0103092784
      },
      "PHYS":{
        "p":0.0,
        "r":0.0,
        "f":0.0
      },
      "DEVI":{
        "p":0.0,
        "r":0.0,
        "f":0.0
      },
      "OBJC":{
        "p":0.0,
        "r":0.0,
        "f":0.0
      },
      "PHEN":{
        "p":0.0,
        "r":0.0,
        "f":0.0
      }
    },
    "tok2vec_loss":3479.2107724529,
    "ner_loss":7100.36328125
  }
}