{
  "lang":"fr",
  "name":"pipeline",
  "version":"0.0.0",
  "spacy_version":">=3.8.5,<3.9.0",
  "description":"",
  "author":"",
  "email":"",
  "url":"",
  "license":"",
  "spacy_git_version":"d0c705c",
  "vectors":{
    "width":0,
    "vectors":0,
    "keys":0,
    "name":null,
    "mode":"default"
  },
  "labels":{
    "tok2vec":[

    ],
    "ner":[
      "ANAT",
      "CHEM",
      "DEVI",
      "DISO",
      "GEOG",
      "LIVB",
      "OBJC",
      "PHEN",
      "PHYS",
      "PROC",
      "disease",
      "onco"
    ]
  },
  "pipeline":[
    "tok2vec",
    "ner"
  ],
  "components":[
    "tok2vec",
    "ner"
  ],
  "disabled":[

  ],
  "performance":{
    "ents_f":0.5473136604,
    "ents_p":0.6720264317,
    "ents_r":0.4616432138,
    "ents_per_type":{
      "DISO":{
        "p":0.4324324324,
        "r":0.1134751773,
        "f":0.1797752809
      },
      "onco":{
        "p":0.7893166219,
        "r":0.7691189299,
        "f":0.7790868925
      },
      "disease":{
        "p":0.3474226804,
        "r":0.1518018018,
        "f":0.2112852665
      },
      "PROC":{
        "p":0.175257732,
        "r":0.1404958678,
        "f":0.1559633028
      },
      "GEOG":{
        "p":0.0,
        "r":0.0,
        "f":0.0
      },
      "LIVB":{
        "p":0.3636363636,
        "r":0.0533333333,
        "f":0.0930232558
      },
      "ANAT":{
        "p":0.0,
        "r":0.0,
        "f":0.0
      },
      "CHEM":{
        "p":0.0,
        "r":0.0,
        "f":0.0
      },
      "PHYS":{
        "p":0.0,
        "r":0.0,
        "f":0.0
      },
      "DEVI":{
        "p":0.0,
        "r":0.0,
        "f":0.0
      },
      "OBJC":{
        "p":0.0,
        "r":0.0,
        "f":0.0
      },
      "PHEN":{
        "p":0.0,
        "r":0.0,
        "f":0.0
      }
    },
    "tok2vec_loss":2373.27911619,
    "ner_loss":7108.05078125
  }
}